architecture,scenario,replications,mean_p50_latency_ms,p50_ci95_low_ms,p50_ci95_high_ms,mean_p95_latency_ms,p95_ci95_low_ms,p95_ci95_high_ms,mean_p99_latency_ms,p99_ci95_low_ms,p99_ci95_high_ms,mean_maximum_latency_ms,maximum_ci95_low_ms,maximum_ci95_high_ms
baseline,audit_investigation,30,29691.894639376646,29212.206046716245,30171.583232037046,36950.25830277189,35937.49874261021,37963.017862933564,39570.76074396936,38178.46621435621,40963.05527358251,40275.85913187995,38683.752152695895,41867.96611106401
baseline,consent_based_access,30,6419.933638803798,6268.748271004407,6571.1190066031895,18329.611662298903,17455.414265112704,19203.809059485102,24793.966942854986,22888.813866373646,26699.120019336326,29728.784959247445,27711.818349610676,31745.751568884214
baseline,consent_revocation,30,4368.439265068261,4318.994309179845,4417.884220956677,10127.112228959708,9774.697761121633,10479.526696797782,13413.817897432235,12631.439926232888,14196.195868631581,16552.78306589297,15389.21365855545,17716.35247323049
baseline,cross_org_exchange,30,4757.0773638883165,4667.551509965044,4846.603217811589,11817.01857611718,11425.920032106927,12208.117120127432,16474.236504217974,15563.643962557306,17384.82904587864,20620.449297157713,19218.61919835741,22022.279395958016
baseline,emergency_access,30,5367.9524576934755,5201.1144526071785,5534.7904627797725,14537.714574620852,13731.3920730335,15344.037076208204,20146.709710125313,18817.60518699116,21475.814233259465,24826.06581818209,23004.314177143096,26647.817459221085
baseline,high_volume_ingestion,30,2076.8526561359017,1864.7844225579763,2288.920889713827,11860.528751239202,11241.99531099736,12479.062191481045,18435.399595293286,17168.184920072825,19702.614270513746,26181.818806806335,24577.81554017093,27785.82207344174
baseline,lab_ingestion_recovery,30,124.77973219348353,124.49790825525318,125.06155613171387,8657.934571580134,8554.431422827101,8761.437720333166,10213.447365087783,9967.828672670816,10459.06605750475,12288.150350399315,11468.500734092051,13107.79996670658
baseline,multi_device_access,30,15454.128085428058,14723.383831355914,16184.872339500202,39749.486546068074,37240.27760169877,42258.69549043738,51366.77292604006,47676.72324059863,55056.82261148149,56994.62984178969,52798.3380770384,61190.92160654098
baseline,research_donation,30,3702.7203409920216,3663.2434614929807,3742.1972204910626,7335.43573134494,7098.2585367422835,7572.6129259475965,9291.461645092584,9024.238491525992,9558.684798659177,11066.798639732215,10372.83995873099,11760.757320733439
baseline,trust_failure,30,6250.173484921274,5994.189168959097,6506.157800883452,11872.911046700667,11616.23448102196,12129.587612379373,14626.825525309296,14014.66769576291,15238.983354855682,17704.548049865185,16702.435902336034,18706.660197394336
capacity_matched,audit_investigation,30,29645.662877888193,29163.33252006315,30127.993235713235,36824.86536811103,35819.11846243405,37830.61227378801,39003.64900225822,37668.815605006566,40338.48239950988,39592.35696069116,38075.30983938243,41109.40408199989
capacity_matched,consent_based_access,30,3931.569000064972,3913.2935470475354,3949.8444530824086,7099.026167868991,6913.637875353624,7284.414460384359,9118.346056583305,8965.039569724697,9271.652543441913,11665.060142182172,11090.731737088316,12239.388547276028
capacity_matched,consent_revocation,30,3752.022456774068,3730.479859747581,3773.565053800555,6122.177314229789,5958.586949432433,6285.767679027144,8796.390497776765,8585.19563164524,9007.58536390829,10298.879047401795,9912.225755756725,10685.532339046866
capacity_matched,cross_org_exchange,30,3691.8294061409156,3669.482392297754,3714.1764199840773,6815.156324947658,6668.045787695209,6962.2668622001065,9059.16275555398,8888.308336954695,9230.017174153265,10947.52233369117,10558.171075040727,11336.873592341612
capacity_matched,emergency_access,30,3627.161048281228,3600.978395802508,3653.3437007599478,6635.581207100609,6416.227706823542,6854.934707377677,9169.776433389332,8999.560223732235,9339.99264304643,11090.011267213351,10659.320120626942,11520.70241379976
capacity_matched,high_volume_ingestion,30,124.31944204831211,124.18032403628214,124.45856006034208,4823.371982275487,4770.818786859398,4875.925177691577,7489.6449189315335,7312.904078135234,7666.385759727833,11637.11511001092,11147.10818197682,12127.12203804502
capacity_matched,lab_ingestion_recovery,30,123.86813088131134,123.62146429355867,124.11479746906402,8505.980981862003,8425.11714108172,8586.844822642286,9561.78453470476,9448.769067500838,9674.800001908683,10463.077780767273,10265.20487752736,10660.950684007186
capacity_matched,multi_device_access,30,11693.880577195549,11589.25329851817,11798.507855872927,21870.285972756163,21070.141070203044,22670.43087530928,27658.121992392174,25988.269876612307,29327.974108172042,31680.05375978729,29797.52390300465,33562.58361656993
capacity_matched,research_donation,30,3505.447485731185,3476.5101529172157,3534.3848185451548,5616.185714920493,5307.364774090334,5925.0066557506525,8317.496558321902,7973.958997503228,8661.034119140575,9587.275853816662,9317.135879875095,9857.415827758228
capacity_matched,trust_failure,30,4467.389135779955,4370.645609001549,4564.132662558361,9636.859173376446,9575.490819670633,9698.22752708226,10624.230973354452,10482.873412143654,10765.58853456525,11823.395304840613,11471.710106980268,12175.080502700957
refined,audit_investigation,30,790.5510100770291,777.6888672016937,803.4131529523645,981.9964098162978,955.1764923315757,1008.81632730102,1040.0973067269103,1004.5017494668738,1075.6928639869468,1055.7961856184609,1015.3415957169034,1096.2507755200184
refined,consent_based_access,30,773.4639590682643,771.1610456617083,775.7668724748204,3871.0482317853425,3795.115276407293,3946.981187163392,5049.529810351088,4937.272443489285,5161.78717721289,6947.505232502071,6577.156735798956,7317.853729205185
refined,consent_revocation,30,723.9990749179659,721.4474514694443,726.5506983664875,3693.3402708242693,3620.569619452849,3766.1109221956895,4892.214282122467,4656.093643471726,5128.334920773208,6267.52372687068,5918.333257583228,6616.714196158131
refined,cross_org_exchange,30,690.9698333934291,688.7343480803514,693.2053187065068,3617.8319533211775,3561.3225178766534,3674.3413887657016,4765.453005646659,4670.97214097837,4859.933870314949,6602.836967561126,6117.404046385347,7088.269888736904
refined,emergency_access,30,671.4370351710681,669.1288718017657,673.7451985403706,3618.148948742691,3547.156000600667,3689.141896884715,4733.558794317947,4636.403275010779,4830.714313625115,6771.573011979938,6328.97957655649,7214.166447403386
refined,high_volume_ingestion,30,62.123593370606045,62.04231391303522,62.20487282817687,651.2919712105842,645.941201779965,656.6427406412033,3786.9345641416194,3711.847168923516,3862.0219593597226,6444.4304449236015,5988.258930203365,6900.601959643838
refined,lab_ingestion_recovery,30,62.02289177871497,61.80784196431751,62.23794159311243,717.0865200406855,564.7361308421995,869.4369092391715,3992.3544484959666,3491.967024641859,4492.741872350074,7798.738187687727,6844.727221845072,8752.749153530383
refined,multi_device_access,30,743.6622341465634,740.819037952689,746.5054303404378,3655.465626156584,3520.3302752428754,3790.600977070293,4733.683584601971,4595.983132315809,4871.384036888134,6053.115944492142,5613.882230112666,6492.349658871619
refined,research_donation,30,805.2240303335641,801.2816987597229,809.1663619074053,3631.857888121371,3459.8366718066873,3803.879104436055,4677.019885423593,4549.992204047157,4804.047566800029,5582.49738404903,5181.770369945093,5983.224398152967
refined,trust_failure,30,671.7493352510644,669.2166786649865,674.2819918371423,3761.02674356383,3617.7446372848217,3904.3088498428388,7276.0500974845745,6705.876793233707,7846.223401735442,10759.228923076038,9970.864390545108,11547.593455606968
