architecture,scenario,resource,capacity,mean_calls,mean_utilization,maximum_utilization,mean_wait_ms,maximum_wait_ms,saturation_rate,mean_calls_delayed_beyond_horizon
baseline,audit_investigation,anonymizer,1,0.0,0.0,0.0,0.0,0.0,0.0,0.0
baseline,audit_investigation,audit,2,17.633333333333333,0.08012504139718117,0.13370689707601968,92.99437341375514,19589.00214304822,0.0,0.0
baseline,audit_investigation,compliance,1,0.0,0.0,0.0,0.0,0.0,0.0,0.0
baseline,audit_investigation,connector,1,0.0,0.0,0.0,0.0,0.0,0.0,0.0
baseline,audit_investigation,fhir,2,0.0,0.0,0.0,0.0,0.0,0.0,0.0
baseline,audit_investigation,orchestrator,1,0.0,0.0,0.0,0.0,0.0,0.0,0.0
baseline,audit_investigation,policy,2,0.0,0.0,0.0,0.0,0.0,0.0,0.0
baseline,audit_investigation,queue,2,0.0,0.0,0.0,0.0,0.0,0.0,0.0
baseline,audit_investigation,session,1,0.0,0.0,0.0,0.0,0.0,0.0,0.0
baseline,audit_investigation,status,1,0.0,0.0,0.0,0.0,0.0,0.0,0.0
baseline,audit_investigation,trust,1,0.0,0.0,0.0,0.0,0.0,0.0,0.0
baseline,audit_investigation,verifier,2,0.0,0.0,0.0,0.0,0.0,0.0,0.0
baseline,consent_based_access,anonymizer,1,0.0,0.0,0.0,0.0,0.0,0.0,0.0
baseline,consent_based_access,audit,2,578.5,0.00012501636167217922,0.00013683379325091105,0.0,0.0,0.0,0.0
baseline,consent_based_access,compliance,1,285.96666666666664,0.0003118316760309406,0.0003513265675778574,0.0,0.0,0.0,0.0
baseline,consent_based_access,connector,1,0.0,0.0,0.0,0.0,0.0,0.0,0.0
baseline,consent_based_access,fhir,2,1157.0333333333333,0.0009595433266773295,0.0010398283145067577,0.0,0.0,0.0,0.0
baseline,consent_based_access,orchestrator,1,0.0,0.0,0.0,0.0,0.0,0.0,0.0
baseline,consent_based_access,policy,2,627.9666666666667,0.0005715315131908238,0.0006239998910163191,0.0,0.0,0.0,0.0
baseline,consent_based_access,queue,2,0.0,0.0,0.0,0.0,0.0,0.0,0.0
baseline,consent_based_access,session,1,0.0,0.0,0.0,0.0,0.0,0.0,0.0
baseline,consent_based_access,status,1,627.9666666666667,0.013322643677554489,0.014538304553622686,0.0,0.0,0.0,0.0
baseline,consent_based_access,trust,1,648.0333333333333,0.6884627036813737,0.7403670603258519,3984.3523437193385,44228.854270769036,0.0,1.2
baseline,consent_based_access,verifier,2,1296.1,0.005307967401396185,0.005791381426689177,0.0735140693519499,44.156715237932076,0.0,0.0
baseline,consent_revocation,anonymizer,1,0.0,0.0,0.0,0.0,0.0,0.0,0.0
baseline,consent_revocation,audit,2,347.5,7.46812272219448e-05,8.48483360034417e-05,0.0,0.0,0.0,0.0
baseline,consent_revocation,compliance,1,173.1,0.00018805179707024564,0.00020745680553185746,0.0,0.0,0.0,0.0
baseline,consent_revocation,connector,1,0.0,0.0,0.0,0.0,0.0,0.0,0.0
baseline,consent_revocation,fhir,2,0.0,0.0,0.0,0.0,0.0,0.0,0.0
baseline,consent_revocation,orchestrator,1,0.0,0.0,0.0,0.0,0.0,0.0,0.0
baseline,consent_revocation,policy,2,378.6333333333333,0.0003449003432844773,0.00037718545792918604,0.0,0.0,0.0,0.0
baseline,consent_revocation,queue,2,0.0,0.0,0.0,0.0,0.0,0.0,0.0
baseline,consent_revocation,session,1,0.0,0.0,0.0,0.0,0.0,0.0,0.0
baseline,consent_revocation,status,1,378.6333333333333,0.00803600920403124,0.00876549624383763,0.0,0.0,0.0,0.0
baseline,consent_revocation,trust,1,389.7,0.4142090712879244,0.4510959148763213,1273.0348074285853,20118.76926156765,0.0,0.1
baseline,consent_revocation,verifier,2,779.4,0.003181490406250454,0.0034962783663575457,0.04810273931768018,37.84652932290555,0.0,0.0
baseline,cross_org_exchange,anonymizer,1,0.0,0.0,0.0,0.0,0.0,0.0,0.0
baseline,cross_org_exchange,audit,2,456.6666666666667,9.820002081717276e-05,0.00010951238637523265,0.0,0.0,0.0,0.0
baseline,cross_org_exchange,compliance,1,226.63333333333333,0.0002474354356860224,0.00027949200358489865,0.0,0.0,0.0,0.0
baseline,cross_org_exchange,connector,1,470.26666666666665,0.0010679469636791768,0.0011819365876874943,0.0,0.0,0.0,0.0
baseline,cross_org_exchange,fhir,2,913.3333333333334,0.0007584744480591182,0.0008557015192950031,0.0,0.0,0.0,0.0
baseline,cross_org_exchange,orchestrator,1,0.0,0.0,0.0,0.0,0.0,0.0,0.0
baseline,cross_org_exchange,policy,2,456.6666666666667,0.0004163362720830214,0.0004618718777184981,0.0,0.0,0.0,0.0
baseline,cross_org_exchange,queue,2,0.0,0.0,0.0,0.0,0.0,0.0,0.0
baseline,cross_org_exchange,session,1,0.0,0.0,0.0,0.0,0.0,0.0,0.0
baseline,cross_org_exchange,status,1,0.0,0.0,0.0,0.0,0.0,0.0,0.0
baseline,cross_org_exchange,trust,1,484.9,0.5140279201601189,0.569244094342949,1887.3970648946483,26845.94088654285,0.0,0.1
baseline,cross_org_exchange,verifier,2,969.8,0.003965882235592608,0.004401029319057462,0.05863470606852318,43.11158465486642,0.0,0.0
baseline,emergency_access,anonymizer,1,0.0,0.0,0.0,0.0,0.0,0.0,0.0
baseline,emergency_access,audit,2,562.0333333333333,0.00012043913109086981,0.00013443731567664682,0.0,0.0,0.0,0.0
baseline,emergency_access,compliance,1,281.03333333333336,0.00030555966853078857,0.00034943761742831406,0.0,0.0,0.0,0.0
baseline,emergency_access,connector,1,0.0,0.0,0.0,0.0,0.0,0.0,0.0
baseline,emergency_access,fhir,2,0.0,0.0,0.0,0.0,0.0,0.0,0.0
baseline,emergency_access,orchestrator,1,0.0,0.0,0.0,0.0,0.0,0.0,0.0
baseline,emergency_access,policy,2,562.0666666666667,0.0005120458466943802,0.0005568371213895988,0.0,0.0,0.0,0.0
baseline,emergency_access,queue,2,0.0,0.0,0.0,0.0,0.0,0.0,0.0
baseline,emergency_access,session,1,0.0,0.0,0.0,0.0,0.0,0.0,0.0
baseline,emergency_access,status,1,0.0,0.0,0.0,0.0,0.0,0.0,0.0
baseline,emergency_access,trust,1,581.4333333333333,0.61698774609968,0.6742694530697573,2873.531059370693,32719.372204268893,0.0,0.8333333333333334
baseline,emergency_access,verifier,2,1162.8666666666666,0.004766650011629163,0.005190886367003135,0.06962317453938002,43.34572730658692,0.0,0.0
baseline,high_volume_ingestion,anonymizer,1,0.0,0.0,0.0,0.0,0.0,0.0,0.0
baseline,high_volume_ingestion,audit,2,1889.8666666666666,0.000406936204383272,0.0004269856982892517,604.9688359301969,30446.164800299128,0.0,0.43333333333333335
baseline,high_volume_ingestion,compliance,1,939.6,0.001024638937349045,0.001072280016618017,1266.8140805683825,33047.847088969545,0.0,0.36666666666666664
baseline,high_volume_ingestion,connector,1,1964.9666666666667,0.004466893249388496,0.004651624667243316,0.00023261707647230745,3.0719652427251276,0.0,0.0
baseline,high_volume_ingestion,fhir,2,3813.6,0.0031634906641598757,0.0032967460825010894,0.01098306729562393,50.70265275935526,0.0,0.0
baseline,high_volume_ingestion,orchestrator,1,1964.9666666666667,0.007137541001235302,0.007433402058620324,0.04896490052487614,25.525176111841574,0.0,0.0
baseline,high_volume_ingestion,policy,2,0.0,0.0,0.0,0.0,0.0,0.0,0.0
baseline,high_volume_ingestion,queue,2,1964.9666666666667,0.007146861259487359,0.007430794324447086,0.0007046945049915424,12.954371126852493,0.0,0.0
baseline,high_volume_ingestion,session,1,0.0,0.0,0.0,0.0,0.0,0.0,0.0
baseline,high_volume_ingestion,status,1,0.0,0.0,0.0,0.0,0.0,0.0,0.0
baseline,high_volume_ingestion,trust,1,574.1333333333333,0.6084996286796205,0.6419608271922596,2949.9772381665634,28542.32431132914,0.0,0.6333333333333333
baseline,high_volume_ingestion,verifier,2,0.0,0.0,0.0,0.0,0.0,0.0,0.0
baseline,lab_ingestion_recovery,anonymizer,1,0.0,0.0,0.0,0.0,0.0,0.0,0.0
baseline,lab_ingestion_recovery,audit,2,280.8,6.0444175210825e-05,7.274721842586966e-05,0.0,0.0,0.0,0.0
baseline,lab_ingestion_recovery,compliance,1,139.86666666666667,0.00015256028052542867,0.00018684786097947616,0.0,0.0,0.0,0.0
baseline,lab_ingestion_recovery,connector,1,289.3,0.0006566944463265455,0.0007324946382929779,107.0151329937977,9713.695392466207,0.0,0.0
baseline,lab_ingestion_recovery,fhir,2,561.6,0.0004660915055479151,0.0005230359499239081,0.24587353592473973,107.32062428860445,0.0,0.0
baseline,lab_ingestion_recovery,orchestrator,1,325.8333333333333,0.0011875664345945781,0.0013329466091289877,0.012280887837032206,16.462607314394972,0.0,0.0
baseline,lab_ingestion_recovery,policy,2,0.0,0.0,0.0,0.0,0.0,0.0,0.0
baseline,lab_ingestion_recovery,queue,2,325.8333333333333,0.0011879657138892908,0.0013248987473795896,0.0,0.0,0.0,0.0
baseline,lab_ingestion_recovery,session,1,0.0,0.0,0.0,0.0,0.0,0.0,0.0
baseline,lab_ingestion_recovery,status,1,0.0,0.0,0.0,0.0,0.0,0.0,0.0
baseline,lab_ingestion_recovery,trust,1,97.5,0.10358018715918091,0.127868884912161,236.36968728635028,11965.976845945988,0.0,0.0
baseline,lab_ingestion_recovery,verifier,2,0.0,0.0,0.0,0.0,0.0,0.0,0.0
baseline,multi_device_access,anonymizer,1,0.0,0.0,0.0,0.0,0.0,0.0,0.0
baseline,multi_device_access,audit,2,176.36666666666667,3.810219132407845e-05,4.684138257430553e-05,0.0,0.0,0.0,0.0
baseline,multi_device_access,compliance,1,88.5,9.696506334811236e-05,0.00012918541061451654,0.0,0.0,0.0,0.0
baseline,multi_device_access,connector,1,0.0,0.0,0.0,0.0,0.0,0.0,0.0
baseline,multi_device_access,fhir,2,0.0,0.0,0.0,0.0,0.0,0.0,0.0
baseline,multi_device_access,orchestrator,1,0.0,0.0,0.0,0.0,0.0,0.0,0.0
baseline,multi_device_access,policy,2,176.36666666666667,0.000160474523466228,0.00018663528890372887,0.0,0.0,0.0,0.0
baseline,multi_device_access,queue,2,0.0,0.0,0.0,0.0,0.0,0.0,0.0
baseline,multi_device_access,session,1,0.0,0.0,0.0,0.0,0.0,0.0,0.0
baseline,multi_device_access,status,1,0.0,0.0,0.0,0.0,0.0,0.0,0.0
baseline,multi_device_access,trust,1,563.6666666666666,0.5958910935947236,0.685562169252769,693.3857921628622,9355.51835926691,0.0,0.13333333333333333
baseline,multi_device_access,verifier,2,1127.1,0.004619234785762133,0.005282404785178955,1028.8195058658612,74474.761567683,0.0,0.3
baseline,research_donation,anonymizer,1,0.0,0.0,0.0,0.0,0.0,0.0,0.0
baseline,research_donation,audit,2,157.66666666666666,3.42607897677257e-05,4.2329169933116814e-05,0.0,0.0,0.0,0.0
baseline,research_donation,compliance,1,77.73333333333333,8.497201791020344e-05,0.00010575917603074287,0.0,0.0,0.0,0.0
baseline,research_donation,connector,1,0.0,0.0,0.0,0.0,0.0,0.0,0.0
baseline,research_donation,fhir,2,0.0,0.0,0.0,0.0,0.0,0.0,0.0
baseline,research_donation,orchestrator,1,0.0,0.0,0.0,0.0,0.0,0.0,0.0
baseline,research_donation,policy,2,157.66666666666666,0.00014344666344096062,0.00016391442185438061,0.0,0.0,0.0,0.0
baseline,research_donation,queue,2,0.0,0.0,0.0,0.0,0.0,0.0,0.0
baseline,research_donation,session,1,0.0,0.0,0.0,0.0,0.0,0.0,0.0
baseline,research_donation,status,1,0.0,0.0,0.0,0.0,0.0,0.0,0.0
baseline,research_donation,trust,1,162.56666666666666,0.1718941643126954,0.2106527522478091,390.2922988435006,8673.006518191414,0.0,0.03333333333333333
baseline,research_donation,verifier,2,325.1333333333333,0.0013311765279416688,0.0015926001016694355,0.025055661869443944,35.960269543465984,0.0,0.0
baseline,trust_failure,anonymizer,1,0.0,0.0,0.0,0.0,0.0,0.0,0.0
baseline,trust_failure,audit,2,193.06666666666666,4.1429584540511283e-05,5.171888158496462e-05,0.0,0.0,0.0,0.0
baseline,trust_failure,compliance,1,96.9,0.00010617751071696421,0.000128656436944642,0.0,0.0,0.0,0.0
baseline,trust_failure,connector,1,0.0,0.0,0.0,0.0,0.0,0.0,0.0
baseline,trust_failure,fhir,2,0.0,0.0,0.0,0.0,0.0,0.0,0.0
baseline,trust_failure,orchestrator,1,0.0,0.0,0.0,0.0,0.0,0.0,0.0
baseline,trust_failure,policy,2,193.06666666666666,0.00017544561334635245,0.00021741202112008124,0.0,0.0,0.0,0.0
baseline,trust_failure,queue,2,0.0,0.0,0.0,0.0,0.0,0.0,0.0
baseline,trust_failure,session,1,0.0,0.0,0.0,0.0,0.0,0.0,0.0
baseline,trust_failure,status,1,0.0,0.0,0.0,0.0,0.0,0.0,0.0
baseline,trust_failure,trust,1,325.8333333333333,0.34718724423284486,0.38353940975967343,954.1802378998201,16425.16834990238,0.0,0.0
baseline,trust_failure,verifier,2,651.6666666666666,0.002668564459732245,0.0029928956944186695,0.042489259747424575,41.34800887300116,0.0,0.0
capacity_matched,audit_investigation,anonymizer,2,0.0,0.0,0.0,0.0,0.0,0.0,0.0
capacity_matched,audit_investigation,audit,3,17.633333333333333,0.05341669426478744,0.08913793138401313,0.0,0.0,0.0,0.0
capacity_matched,audit_investigation,compliance,2,0.0,0.0,0.0,0.0,0.0,0.0,0.0
capacity_matched,audit_investigation,connector,3,0.0,0.0,0.0,0.0,0.0,0.0,0.0
capacity_matched,audit_investigation,fhir,3,0.0,0.0,0.0,0.0,0.0,0.0,0.0
capacity_matched,audit_investigation,orchestrator,3,0.0,0.0,0.0,0.0,0.0,0.0,0.0
capacity_matched,audit_investigation,policy,3,0.0,0.0,0.0,0.0,0.0,0.0,0.0
capacity_matched,audit_investigation,queue,5,0.0,0.0,0.0,0.0,0.0,0.0,0.0
capacity_matched,audit_investigation,session,3,0.0,0.0,0.0,0.0,0.0,0.0,0.0
capacity_matched,audit_investigation,status,2,0.0,0.0,0.0,0.0,0.0,0.0,0.0
capacity_matched,audit_investigation,trust,2,0.0,0.0,0.0,0.0,0.0,0.0,0.0
capacity_matched,audit_investigation,verifier,3,0.0,0.0,0.0,0.0,0.0,0.0,0.0
capacity_matched,consent_based_access,anonymizer,2,0.0,0.0,0.0,0.0,0.0,0.0,0.0
capacity_matched,consent_based_access,audit,3,579.0,8.340858083938475e-05,9.155167535121595e-05,0.0,0.0,0.0,0.0
capacity_matched,consent_based_access,compliance,2,286.23333333333335,0.00015610440874833198,0.0001773769047018146,0.0,0.0,0.0,0.0
capacity_matched,consent_based_access,connector,3,0.0,0.0,0.0,0.0,0.0,0.0,0.0
capacity_matched,consent_based_access,fhir,3,1158.0,0.000640158863005288,0.0006943708432620348,0.0,0.0,0.0,0.0
capacity_matched,consent_based_access,orchestrator,3,0.0,0.0,0.0,0.0,0.0,0.0,0.0
capacity_matched,consent_based_access,policy,3,628.4666666666667,0.0003813056103196157,0.00041711212214316546,0.0,0.0,0.0,0.0
capacity_matched,consent_based_access,queue,5,0.0,0.0,0.0,0.0,0.0,0.0,0.0
capacity_matched,consent_based_access,session,3,0.0,0.0,0.0,0.0,0.0,0.0,0.0
capacity_matched,consent_based_access,status,2,628.4666666666667,0.006666896917012638,0.007294257017150068,0.0,0.0,0.0,0.0
capacity_matched,consent_based_access,trust,2,648.0333333333333,0.344428595627413,0.3727367426605213,267.08393479560976,8209.178672344706,0.0,0.0
capacity_matched,consent_based_access,verifier,3,1296.1,0.0035386449342641227,0.003860920951126118,0.0,0.0,0.0,0.0
capacity_matched,consent_revocation,anonymizer,2,0.0,0.0,0.0,0.0,0.0,0.0,0.0
capacity_matched,consent_revocation,audit,3,347.43333333333334,4.978075080789582e-05,5.65655573356278e-05,0.0,0.0,0.0,0.0
capacity_matched,consent_revocation,compliance,2,173.03333333333333,9.398820044644924e-05,0.00010372840276592873,0.0,0.0,0.0,0.0
capacity_matched,consent_revocation,connector,3,0.0,0.0,0.0,0.0,0.0,0.0,0.0
capacity_matched,consent_revocation,fhir,3,0.0,0.0,0.0,0.0,0.0,0.0,0.0
capacity_matched,consent_revocation,orchestrator,3,0.0,0.0,0.0,0.0,0.0,0.0,0.0
capacity_matched,consent_revocation,policy,3,378.53333333333336,0.00022987225839783153,0.0002514569719527907,0.0,0.0,0.0,0.0
capacity_matched,consent_revocation,queue,5,0.0,0.0,0.0,0.0,0.0,0.0,0.0
capacity_matched,consent_revocation,session,3,0.0,0.0,0.0,0.0,0.0,0.0,0.0
capacity_matched,consent_revocation,status,2,378.53333333333336,0.004016850385662468,0.004382748121918815,0.0,0.0,0.0,0.0
capacity_matched,consent_revocation,trust,2,389.7,0.20708217087751152,0.22554795743816064,90.76588948613029,8446.922219879525,0.0,0.03333333333333333
capacity_matched,consent_revocation,verifier,3,779.4,0.0021209936041669698,0.002330852244238364,0.0,0.0,0.0,0.0
capacity_matched,cross_org_exchange,anonymizer,2,0.0,0.0,0.0,0.0,0.0,0.0,0.0
capacity_matched,cross_org_exchange,audit,3,456.43333333333334,6.542945495893778e-05,7.300825758348842e-05,0.0,0.0,0.0,0.0
capacity_matched,cross_org_exchange,compliance,2,226.46666666666667,0.00012362565641489703,0.00013974600179244933,0.0,0.0,0.0,0.0
capacity_matched,cross_org_exchange,connector,3,470.03333333333336,0.00035581690518269183,0.0003939788625624981,0.0,0.0,0.0,0.0
capacity_matched,cross_org_exchange,fhir,3,912.8666666666667,0.0005053653254380828,0.000570467679530002,0.0,0.0,0.0,0.0
capacity_matched,cross_org_exchange,orchestrator,3,0.0,0.0,0.0,0.0,0.0,0.0,0.0
capacity_matched,cross_org_exchange,policy,3,456.43333333333334,0.00027740145365071946,0.00030791458514566544,0.0,0.0,0.0,0.0
capacity_matched,cross_org_exchange,queue,5,0.0,0.0,0.0,0.0,0.0,0.0,0.0
capacity_matched,cross_org_exchange,session,3,0.0,0.0,0.0,0.0,0.0,0.0,0.0
capacity_matched,cross_org_exchange,status,2,0.0,0.0,0.0,0.0,0.0,0.0,0.0
capacity_matched,cross_org_exchange,trust,2,484.9,0.2569223705799324,0.28493437159558227,132.45757819212534,7774.99253687256,0.0,0.0
capacity_matched,cross_org_exchange,verifier,3,969.8,0.0026439214903950722,0.002934019546038308,0.0,0.0,0.0,0.0
capacity_matched,emergency_access,anonymizer,2,0.0,0.0,0.0,0.0,0.0,0.0,0.0
capacity_matched,emergency_access,audit,3,562.2,8.03420196211599e-05,8.94904026184425e-05,0.0,0.0,0.0,0.0
capacity_matched,emergency_access,compliance,2,281.1,0.00015278999254802602,0.00017471880871415703,0.0,0.0,0.0,0.0
capacity_matched,emergency_access,connector,3,0.0,0.0,0.0,0.0,0.0,0.0,0.0
capacity_matched,emergency_access,fhir,3,0.0,0.0,0.0,0.0,0.0,0.0,0.0
capacity_matched,emergency_access,orchestrator,3,0.0,0.0,0.0,0.0,0.0,0.0,0.0
capacity_matched,emergency_access,policy,3,562.2,0.00034142317385971513,0.00037065104952352265,0.0,0.0,0.0,0.0
capacity_matched,emergency_access,queue,5,0.0,0.0,0.0,0.0,0.0,0.0,0.0
capacity_matched,emergency_access,session,3,0.0,0.0,0.0,0.0,0.0,0.0,0.0
capacity_matched,emergency_access,status,2,0.0,0.0,0.0,0.0,0.0,0.0,0.0
capacity_matched,emergency_access,trust,2,581.4333333333333,0.30854700839523624,0.33713472653487864,201.4497657038316,8419.489654332892,0.0,0.03333333333333333
capacity_matched,emergency_access,verifier,3,1162.8666666666666,0.003177766674419442,0.0034605909113354233,0.0,0.0,0.0,0.0
capacity_matched,high_volume_ingestion,anonymizer,2,0.0,0.0,0.0,0.0,0.0,0.0,0.0
capacity_matched,high_volume_ingestion,audit,3,1890.1333333333334,0.0002713354232069607,0.0002846571321928115,20.66788771003585,7158.89327300647,0.0,0.0
capacity_matched,high_volume_ingestion,compliance,2,939.6333333333333,0.0005123824023057291,0.0005403625586261328,37.62063158995657,7208.285676286323,0.0,0.0
capacity_matched,high_volume_ingestion,connector,3,1964.9666666666667,0.001488964416462832,0.0015505415557477721,0.0,0.0,0.0,0.0
capacity_matched,high_volume_ingestion,fhir,3,3813.6,0.002108993776106584,0.002197830721667393,0.0005446500489675176,16.175988542272535,0.0,0.0
capacity_matched,high_volume_ingestion,orchestrator,3,1964.9666666666667,0.002379180333745101,0.0024778006862067746,0.0,0.0,0.0,0.0
capacity_matched,high_volume_ingestion,policy,3,0.0,0.0,0.0,0.0,0.0,0.0,0.0
capacity_matched,high_volume_ingestion,queue,5,1964.9666666666667,0.0028587445037949436,0.002972317729778834,0.0,0.0,0.0,0.0
capacity_matched,high_volume_ingestion,session,3,0.0,0.0,0.0,0.0,0.0,0.0,0.0
capacity_matched,high_volume_ingestion,status,2,0.0,0.0,0.0,0.0,0.0,0.0,0.0
capacity_matched,high_volume_ingestion,trust,2,574.1333333333333,0.30434454892642476,0.32144630921355155,214.53883871157961,7617.470573600258,0.0,0.0
capacity_matched,high_volume_ingestion,verifier,3,0.0,0.0,0.0,0.0,0.0,0.0,0.0
capacity_matched,lab_ingestion_recovery,anonymizer,2,0.0,0.0,0.0,0.0,0.0,0.0,0.0
capacity_matched,lab_ingestion_recovery,audit,3,280.76666666666665,4.029272597865553e-05,4.849814561724644e-05,0.0,0.0,0.0,0.0
capacity_matched,lab_ingestion_recovery,compliance,2,139.83333333333334,7.626450153985145e-05,9.342393048973808e-05,0.0,0.0,0.0,0.0
capacity_matched,lab_ingestion_recovery,connector,3,289.3,0.0002188702595835685,0.00024416487943099266,0.0,0.0,0.0,0.0
capacity_matched,lab_ingestion_recovery,fhir,3,561.5333333333333,0.0003106836883649601,0.0003486906332826054,1.0662856251002217,3411.8773721052094,0.0,0.0
capacity_matched,lab_ingestion_recovery,orchestrator,3,325.8333333333333,0.00039585547819819276,0.00044431553637632923,0.0,0.0,0.0,0.0
capacity_matched,lab_ingestion_recovery,policy,3,0.0,0.0,0.0,0.0,0.0,0.0,0.0
capacity_matched,lab_ingestion_recovery,queue,5,325.8333333333333,0.00047518628555571633,0.0005299594989518358,0.0,0.0,0.0,0.0
capacity_matched,lab_ingestion_recovery,session,3,0.0,0.0,0.0,0.0,0.0,0.0,0.0
capacity_matched,lab_ingestion_recovery,status,2,0.0,0.0,0.0,0.0,0.0,0.0,0.0
capacity_matched,lab_ingestion_recovery,trust,2,97.5,0.051790093579590454,0.0639344424560805,9.23308364933405,4153.539383851353,0.0,0.0
capacity_matched,lab_ingestion_recovery,verifier,3,0.0,0.0,0.0,0.0,0.0,0.0,0.0
capacity_matched,multi_device_access,anonymizer,2,0.0,0.0,0.0,0.0,0.0,0.0,0.0
capacity_matched,multi_device_access,audit,3,176.1,2.5347245985890192e-05,3.1446289544437787e-05,0.0,0.0,0.0,0.0
capacity_matched,multi_device_access,compliance,2,88.36666666666666,4.83884233657062e-05,6.4046846403981e-05,0.0,0.0,0.0,0.0
capacity_matched,multi_device_access,connector,3,0.0,0.0,0.0,0.0,0.0,0.0,0.0
capacity_matched,multi_device_access,fhir,3,0.0,0.0,0.0,0.0,0.0,0.0,0.0
capacity_matched,multi_device_access,orchestrator,3,0.0,0.0,0.0,0.0,0.0,0.0,0.0
capacity_matched,multi_device_access,policy,3,176.1,0.00010684622446053509,0.00012442352593581925,0.0,0.0,0.0,0.0
capacity_matched,multi_device_access,queue,5,0.0,0.0,0.0,0.0,0.0,0.0,0.0
capacity_matched,multi_device_access,session,3,0.0,0.0,0.0,0.0,0.0,0.0,0.0
capacity_matched,multi_device_access,status,2,0.0,0.0,0.0,0.0,0.0,0.0,0.0
capacity_matched,multi_device_access,trust,2,562.8666666666667,0.29753632227849747,0.3427810846263845,405.4779951654354,7961.6756709842775,0.0,0.06666666666666667
capacity_matched,multi_device_access,verifier,3,1125.7666666666667,0.0030752658732847216,0.0035369200792416565,202.42443307719998,30721.216749903306,0.0,0.03333333333333333
capacity_matched,research_donation,anonymizer,2,0.0,0.0,0.0,0.0,0.0,0.0,0.0
capacity_matched,research_donation,audit,3,157.63333333333333,2.2837159508450212e-05,2.8219446622077875e-05,0.0,0.0,0.0,0.0
capacity_matched,research_donation,compliance,2,77.7,4.2461407346477796e-05,5.2879588015371434e-05,0.0,0.0,0.0,0.0
capacity_matched,research_donation,connector,3,0.0,0.0,0.0,0.0,0.0,0.0,0.0
capacity_matched,research_donation,fhir,3,0.0,0.0,0.0,0.0,0.0,0.0,0.0
capacity_matched,research_donation,orchestrator,3,0.0,0.0,0.0,0.0,0.0,0.0,0.0
capacity_matched,research_donation,policy,3,157.63333333333333,9.561571587343746e-05,0.00010927628123625374,0.0,0.0,0.0,0.0
capacity_matched,research_donation,queue,5,0.0,0.0,0.0,0.0,0.0,0.0,0.0
capacity_matched,research_donation,session,3,0.0,0.0,0.0,0.0,0.0,0.0,0.0
capacity_matched,research_donation,status,2,0.0,0.0,0.0,0.0,0.0,0.0,0.0
capacity_matched,research_donation,trust,2,162.56666666666666,0.08595042627202751,0.10532637612390455,14.385370285905799,3560.706979650604,0.0,0.0
capacity_matched,research_donation,verifier,3,325.1333333333333,0.0008874510186277792,0.001061733401112957,0.0,0.0,0.0,0.0
capacity_matched,trust_failure,anonymizer,2,0.0,0.0,0.0,0.0,0.0,0.0,0.0
capacity_matched,trust_failure,audit,3,193.06666666666666,2.76198957905804e-05,3.447925438997641e-05,0.0,0.0,0.0,0.0
capacity_matched,trust_failure,compliance,2,96.9,5.3086565607962294e-05,6.503357554351802e-05,0.0,0.0,0.0,0.0
capacity_matched,trust_failure,connector,3,0.0,0.0,0.0,0.0,0.0,0.0,0.0
capacity_matched,trust_failure,fhir,3,0.0,0.0,0.0,0.0,0.0,0.0,0.0
capacity_matched,trust_failure,orchestrator,3,0.0,0.0,0.0,0.0,0.0,0.0,0.0
capacity_matched,trust_failure,policy,3,193.06666666666666,0.00011696390735037845,0.0001449413474133875,0.0,0.0,0.0,0.0
capacity_matched,trust_failure,queue,5,0.0,0.0,0.0,0.0,0.0,0.0,0.0
capacity_matched,trust_failure,session,3,0.0,0.0,0.0,0.0,0.0,0.0,0.0
capacity_matched,trust_failure,status,2,0.0,0.0,0.0,0.0,0.0,0.0,0.0
capacity_matched,trust_failure,trust,2,325.8333333333333,0.17355538950823124,0.1918670804424593,58.971694585641536,5661.720196108035,0.0,0.0
capacity_matched,trust_failure,verifier,3,651.6666666666666,0.00177904297315483,0.001995263796279113,0.0,0.0,0.0,0.0
refined,audit_investigation,anonymizer,2,0.0,0.0,0.0,0.0,0.0,0.0,0.0
refined,audit_investigation,audit,3,17.633333333333333,0.0014221676903525054,0.002377011503573701,0.0,0.0,0.0,0.0
refined,audit_investigation,compliance,2,0.0,0.0,0.0,0.0,0.0,0.0,0.0
refined,audit_investigation,connector,3,0.0,0.0,0.0,0.0,0.0,0.0,0.0
refined,audit_investigation,fhir,3,0.0,0.0,0.0,0.0,0.0,0.0,0.0
refined,audit_investigation,orchestrator,3,0.0,0.0,0.0,0.0,0.0,0.0,0.0
refined,audit_investigation,policy,3,0.0,0.0,0.0,0.0,0.0,0.0,0.0
refined,audit_investigation,queue,5,0.0,0.0,0.0,0.0,0.0,0.0,0.0
refined,audit_investigation,session,3,0.0,0.0,0.0,0.0,0.0,0.0,0.0
refined,audit_investigation,status,2,0.0,0.0,0.0,0.0,0.0,0.0,0.0
refined,audit_investigation,trust,2,0.0,0.0,0.0,0.0,0.0,0.0,0.0
refined,audit_investigation,verifier,3,0.0,0.0,0.0,0.0,0.0,0.0,0.0
refined,consent_based_access,anonymizer,2,0.0,0.0,0.0,0.0,0.0,0.0,0.0
refined,consent_based_access,audit,3,626.5,9.030317743581335e-05,9.980075613952977e-05,0.0,0.0,0.0,0.0
refined,consent_based_access,compliance,2,626.5333333333333,0.00034171052324235705,0.0003726227458401502,0.0,0.0,0.0,0.0
refined,consent_based_access,connector,3,0.0,0.0,0.0,0.0,0.0,0.0,0.0
refined,consent_based_access,fhir,3,1253.0333333333333,0.0006940676695726541,0.0007640186048441326,0.0,0.0,0.0,0.0
refined,consent_based_access,orchestrator,3,0.0,0.0,0.0,0.0,0.0,0.0,0.0
refined,consent_based_access,policy,3,1278.6,0.003295695249249704,0.003602969920813614,0.0,0.0,0.0,0.0
refined,consent_based_access,queue,5,0.0,0.0,0.0,0.0,0.0,0.0,0.0
refined,consent_based_access,session,3,639.3333333333334,0.0022612473655819207,0.002487183569666908,0.0,0.0,0.0,0.0
refined,consent_based_access,status,2,1287.4333333333334,0.01172305891850121,0.012819676668648031,49.05226010734999,7208.294392470179,0.0,0.0
refined,consent_based_access,trust,2,66.0,0.035130320131910545,0.042964910200577903,2.7235242827629964,2501.1471430789243,0.0,0.0
refined,consent_based_access,verifier,3,1296.1,0.0035361117721027717,0.0038742215019380356,0.0,0.0,0.0,0.0
refined,consent_revocation,anonymizer,2,0.0,0.0,0.0,0.0,0.0,0.0,0.0
refined,consent_revocation,audit,3,375.3666666666667,5.373809356529778e-05,5.98816875110848e-05,0.0,0.0,0.0,0.0
refined,consent_revocation,compliance,2,375.3666666666667,0.0002045196649434466,0.00022673785080519682,0.0,0.0,0.0,0.0
refined,consent_revocation,connector,3,0.0,0.0,0.0,0.0,0.0,0.0,0.0
refined,consent_revocation,fhir,3,0.0,0.0,0.0,0.0,0.0,0.0,0.0
refined,consent_revocation,orchestrator,3,0.0,0.0,0.0,0.0,0.0,0.0,0.0
refined,consent_revocation,policy,3,766.4666666666667,0.001976492741103804,0.002148770736772484,0.0,0.0,0.0,0.0
refined,consent_revocation,queue,5,0.0,0.0,0.0,0.0,0.0,0.0,0.0
refined,consent_revocation,session,3,383.26666666666665,0.0013556064332980794,0.001485435345499398,0.0,0.0,0.0,0.0
refined,consent_revocation,status,2,773.0333333333333,0.00704463735443187,0.007750099670310162,28.261396776992015,7654.6623752476535,0.0,0.0
refined,consent_revocation,trust,2,39.06666666666667,0.020539710318338386,0.029836153227388792,5.8955927511417086,3989.010972212668,0.0,0.0
refined,consent_revocation,verifier,3,779.4,0.0021256026351042807,0.0023135342291234705,0.0,0.0,0.0,0.0
refined,cross_org_exchange,anonymizer,2,0.0,0.0,0.0,0.0,0.0,0.0,0.0
refined,cross_org_exchange,audit,3,478.1333333333333,6.890682033125619e-05,7.742312478571324e-05,0.0,0.0,0.0,0.0
refined,cross_org_exchange,compliance,2,478.1333333333333,0.00025911058863466147,0.0002892786821935243,0.0,0.0,0.0,0.0
refined,cross_org_exchange,connector,3,484.93333333333334,0.00036844488010094264,0.0004111507373233572,0.0,0.0,0.0,0.0
refined,cross_org_exchange,fhir,3,956.2666666666667,0.0005294150507493482,0.0005848338711655689,0.0,0.0,0.0,0.0
refined,cross_org_exchange,orchestrator,3,0.0,0.0,0.0,0.0,0.0,0.0,0.0
refined,cross_org_exchange,policy,3,956.2666666666667,0.002461852417730095,0.0027465948814468237,0.00013513242645518556,3.899921827496655,0.0,0.0
refined,cross_org_exchange,queue,5,0.0,0.0,0.0,0.0,0.0,0.0,0.0
refined,cross_org_exchange,session,3,0.0,0.0,0.0,0.0,0.0,0.0,0.0
refined,cross_org_exchange,status,2,484.96666666666664,0.005506786199858854,0.006193524029231722,0.728060432538171,1609.7710344638472,0.0,0.0
refined,cross_org_exchange,trust,2,48.96666666666667,0.025959247221281297,0.03452107923725919,2.988410100629698,2423.3859789537746,0.0,0.0
refined,cross_org_exchange,verifier,3,969.8,0.0026485952243514694,0.002942422779010049,0.0,0.0,0.0,0.0
refined,emergency_access,anonymizer,2,0.0,0.0,0.0,0.0,0.0,0.0,0.0
refined,emergency_access,audit,3,572.4666666666667,8.270887224748085e-05,9.120510003368863e-05,0.0,0.0,0.0,0.0
refined,emergency_access,compliance,2,572.4666666666667,0.0003125937816506434,0.00033756807839674337,0.0,0.0,0.0,0.0
refined,emergency_access,connector,3,0.0,0.0,0.0,0.0,0.0,0.0,0.0
refined,emergency_access,fhir,3,0.0,0.0,0.0,0.0,0.0,0.0,0.0
refined,emergency_access,orchestrator,3,0.0,0.0,0.0,0.0,0.0,0.0,0.0
refined,emergency_access,policy,3,1144.9333333333334,0.002944706659954769,0.0032161137625617946,5.321778685224386e-05,1.4143503050263462,0.0,0.0
refined,emergency_access,queue,5,0.0,0.0,0.0,0.0,0.0,0.0,0.0
refined,emergency_access,session,3,0.0,0.0,0.0,0.0,0.0,0.0,0.0
refined,emergency_access,status,2,581.5,0.0066152064688886295,0.007184693021397792,1.5396850606941173,2391.6660484774184,0.0,0.0
refined,emergency_access,trust,2,57.06666666666667,0.030396052540294528,0.03792058993844395,1.0204284234940757,1013.9406492685339,0.0,0.0
refined,emergency_access,verifier,3,1162.8666666666666,0.0031708769664907407,0.0034582357569848334,0.0,0.0,0.0,0.0
refined,high_volume_ingestion,anonymizer,2,0.0,0.0,0.0,0.0,0.0,0.0,0.0
refined,high_volume_ingestion,audit,3,1964.9333333333334,0.00028134086637889445,0.00029255485751591986,0.0,0.0,0.0,0.0
refined,high_volume_ingestion,compliance,2,1964.9333333333334,0.0010732529022940058,0.0011127563915827791,2.563639814149675,3240.556517680602,0.0,0.0
refined,high_volume_ingestion,connector,3,1964.9666666666667,0.0014881396020123155,0.0015469897797608342,0.0,0.0,0.0,0.0
refined,high_volume_ingestion,fhir,3,3929.9,0.002171200987597486,0.002259896623854959,0.0001184767825503133,6.409731638086669,0.0,0.0
refined,high_volume_ingestion,orchestrator,3,1964.9666666666667,0.0023836697840663125,0.002484191910057676,0.0,0.0,0.0,0.0
refined,high_volume_ingestion,policy,3,0.0,0.0,0.0,0.0,0.0,0.0,0.0
refined,high_volume_ingestion,queue,5,1964.9666666666667,0.0028597086252057516,0.002966766646438028,0.0,0.0,0.0,0.0
refined,high_volume_ingestion,session,3,0.0,0.0,0.0,0.0,0.0,0.0,0.0
refined,high_volume_ingestion,status,2,0.0,0.0,0.0,0.0,0.0,0.0,0.0
refined,high_volume_ingestion,trust,2,59.53333333333333,0.03132824257257557,0.03972734043548204,1.9948277958904013,1932.9789645994424,0.0,0.0
refined,high_volume_ingestion,verifier,3,0.0,0.0,0.0,0.0,0.0,0.0,0.0
refined,lab_ingestion_recovery,anonymizer,2,0.0,0.0,0.0,0.0,0.0,0.0,0.0
refined,lab_ingestion_recovery,audit,3,325.8666666666667,4.6656461848677854e-05,5.378941029799291e-05,0.0,0.0,0.0,0.0
refined,lab_ingestion_recovery,compliance,2,325.8666666666667,0.00017828809089530322,0.00020291094877113424,0.0,0.0,0.0,0.0
refined,lab_ingestion_recovery,connector,3,325.8666666666667,0.0002467833373781133,0.0002791492527744755,0.0,0.0,0.0,0.0
refined,lab_ingestion_recovery,fhir,3,651.7333333333333,0.0003612474834270666,0.00041075115143235396,0.14929353990176603,2458.0279746545557,0.0,0.0
refined,lab_ingestion_recovery,orchestrator,3,325.8333333333333,0.0003946756276631679,0.0004417374966271664,0.0,0.0,0.0,0.0
refined,lab_ingestion_recovery,policy,3,0.0,0.0,0.0,0.0,0.0,0.0,0.0
refined,lab_ingestion_recovery,queue,5,325.8333333333333,0.00047553887502060427,0.000528865922136471,0.0,0.0,0.0,0.0
refined,lab_ingestion_recovery,session,3,0.0,0.0,0.0,0.0,0.0,0.0,0.0
refined,lab_ingestion_recovery,status,2,0.0,0.0,0.0,0.0,0.0,0.0,0.0
refined,lab_ingestion_recovery,trust,2,11.3,0.005937789694978663,0.012556137154035842,13.39732174768657,3492.9839983562943,0.0,0.0
refined,lab_ingestion_recovery,verifier,3,0.0,0.0,0.0,0.0,0.0,0.0,0.0
refined,multi_device_access,anonymizer,2,0.0,0.0,0.0,0.0,0.0,0.0,0.0
refined,multi_device_access,audit,3,191.26666666666668,2.7388591369210436e-05,3.2770617309121477e-05,0.0,0.0,0.0,0.0
refined,multi_device_access,compliance,2,191.26666666666668,0.00010430765200068794,0.00012215523451105395,0.0,0.0,0.0,0.0
refined,multi_device_access,connector,3,0.0,0.0,0.0,0.0,0.0,0.0,0.0
refined,multi_device_access,fhir,3,0.0,0.0,0.0,0.0,0.0,0.0,0.0
refined,multi_device_access,orchestrator,3,0.0,0.0,0.0,0.0,0.0,0.0,0.0
refined,multi_device_access,policy,3,382.6,0.000986687532802156,0.0011529215192650735,0.0,0.0,0.0,0.0
refined,multi_device_access,queue,5,0.0,0.0,0.0,0.0,0.0,0.0,0.0
refined,multi_device_access,session,3,382.6,0.00135505498138761,0.0015648878326777204,0.0,0.0,0.0,0.0
refined,multi_device_access,status,2,194.0,0.0022078048180258145,0.0025851597981690587,0.0,0.0,0.0,0.0
refined,multi_device_access,trust,2,20.366666666666667,0.01074394002755272,0.01506650129606545,0.0,0.0,0.0,0.0
refined,multi_device_access,verifier,3,388.06666666666666,0.0010572794115605967,0.0012223892761558848,0.0,0.0,0.0,0.0
refined,research_donation,anonymizer,2,160.0,0.0029076739913207828,0.003534585020820228,0.0,0.0,0.0,0.0
refined,research_donation,audit,3,160.0,2.2831715111998804e-05,2.9701954175498076e-05,0.0,0.0,0.0,0.0
refined,research_donation,compliance,2,160.0,8.7187055574402e-05,0.00010209257944455196,0.0,0.0,0.0,0.0
refined,research_donation,connector,3,0.0,0.0,0.0,0.0,0.0,0.0,0.0
refined,research_donation,fhir,3,320.0,0.0001765483136350095,0.0002147204602512216,0.0,0.0,0.0,0.0
refined,research_donation,orchestrator,3,0.0,0.0,0.0,0.0,0.0,0.0,0.0
refined,research_donation,policy,3,320.0,0.0008262695643533956,0.0010028995852546286,0.0,0.0,0.0,0.0
refined,research_donation,queue,5,0.0,0.0,0.0,0.0,0.0,0.0,0.0
refined,research_donation,session,3,0.0,0.0,0.0,0.0,0.0,0.0,0.0
refined,research_donation,status,2,162.53333333333333,0.0018531104661440323,0.0022112450128948372,0.0,0.0,0.0,0.0
refined,research_donation,trust,2,15.866666666666667,0.008411434375289096,0.01589961159126636,0.0,0.0,0.0,0.0
refined,research_donation,verifier,3,325.1333333333333,0.0008869220583786613,0.0010479114470543685,0.0,0.0,0.0,0.0
refined,trust_failure,anonymizer,2,0.0,0.0,0.0,0.0,0.0,0.0,0.0
refined,trust_failure,audit,3,320.3333333333333,4.619688357190254e-05,5.323610041926653e-05,0.0,0.0,0.0,0.0
refined,trust_failure,compliance,2,320.3333333333333,0.00017457359888274165,0.00019280203698440174,0.0,0.0,0.0,0.0
refined,trust_failure,connector,3,0.0,0.0,0.0,0.0,0.0,0.0,0.0
refined,trust_failure,fhir,3,0.0,0.0,0.0,0.0,0.0,0.0,0.0
refined,trust_failure,orchestrator,3,0.0,0.0,0.0,0.0,0.0,0.0,0.0
refined,trust_failure,policy,3,640.7333333333333,0.0016479103674284794,0.0018462345197695004,0.0,0.0,0.0,0.0
refined,trust_failure,queue,5,0.0,0.0,0.0,0.0,0.0,0.0,0.0
refined,trust_failure,session,3,0.0,0.0,0.0,0.0,0.0,0.0,0.0
refined,trust_failure,status,2,326.0,0.0037025336843105384,0.004131793237362824,0.28605258806990613,1451.609360337443,0.0,0.0
refined,trust_failure,trust,2,39.13333333333333,0.0209385245501356,0.03129545412649529,16.130230931213426,7398.586303686443,0.0,0.0
refined,trust_failure,verifier,3,651.6666666666666,0.0017748233060501434,0.002001859162873208,0.0,0.0,0.0,0.0
